provider,model,scenario_count,avg_return,worst_drawdown,avg_sharpe,avg_fill_rate,total_rejected_orders,total_risk_edits,avg_parse_coverage
poe,gemini-3.1-pro,3,0.018465607941331674,-0.007501423714052713,8.926272560489966,0.6865079365079364,7,21,1.0
poe,kimi-k2.5,3,0.017427963509355344,-0.021397961890934902,6.793772129405688,0.7542735042735043,4,30,1.0
poe,claude-opus-4.7,3,0.017347510981167085,-0.021397961890934902,8.43337411547255,0.7542735042735043,4,30,1.0
poe,gpt-5.5,3,0.016442417112062735,-0.021397961890934902,7.586310862505369,0.75,4,31,1.0
deepseek,deepseek-v4-flash,3,0.01520770704009792,-0.021397961890934902,7.178801270471293,0.7564102564102564,4,34,1.0
poe,glm-5,3,0.015120792101745181,-0.021397961890934902,7.18582759037704,0.7979242979242979,3,31,1.0
deepseek,deepseek-v4-pro,3,0.014992050607028018,-0.021397961890934902,4.0425067880386,0.7286324786324787,4,22,1.0
