universe,model,baseline_label,scenario_count,avg_return,worst_drawdown,avg_sharpe,avg_fill_rate,total_rejected_orders,total_risk_edits
real_market,risk_parity,Risk parity,2,0.07606750841556009,-0.046742470278478776,4.636068981074416,0.8611111111111112,4,0
real_market,min_var,Minimum variance,2,0.06123670133627768,-0.05988608735050993,3.6665814366847034,0.8417487684729064,5,0
real_market,mean_reversion,Mean reversion,2,-0.025195347455559125,-0.09843711773194863,-0.5461598174024893,0.75,6,0
real_market,naive_momentum,Naive momentum,2,-0.06376193338824337,-0.15379826076953995,-1.6976021450401417,0.6717506631299734,12,0
synthetic,min_var,Minimum variance,6,0.027188793236778475,-0.03821073838806466,4.8850100908325365,0.71875,9,0
synthetic,risk_parity,Risk parity,6,0.01847384729083192,-0.03418154508573645,3.759349326369757,0.71875,9,0
synthetic,naive_momentum,Naive momentum,6,0.007492917764231666,-0.03805515654184377,3.5104703773396673,0.6741452991452991,5,0
synthetic,mean_reversion,Mean reversion,6,0.0014536838840449502,-0.052124532250713895,1.6703340593083158,0.7444444444444445,3,0
