family_key,family_label,rows,alpha_quality_score,risk_discipline_score,execution_robustness_score,alpha_pre_risk_total_return,total_return,max_drawdown,execution_fill_rate,risk_clipped_decisions,risk_violation_count
llm_synthetic,LLM synthetic,42,0.7293771904983748,0.5721726190476191,0.6854672209948556,0.04637191780934048,0.013321377313209037,-0.042385397460331986,0.6772760969189541,384,66
llm_real_market,LLM real-market,14,0.6073578799041324,0.43353174603174605,0.6426201897422402,0.09971698923694608,-0.06171795054805588,-0.20577384534423304,0.7564076461305526,381,89
classical_synthetic,Classical synthetic,24,0.7433796543305883,0.4583333333333333,0.7313276869344412,0.031169232072456216,0.013652310543971752,-0.052124532250713895,0.7140224358974359,0,126
classical_real_market,Classical real-market,8,0.6943114079282108,0.21180555555555558,0.7220287718110483,0.041822060074415635,0.012086732227008817,-0.15379826076953995,0.7811526356784977,0,138
